<?xml version="1.0" encoding="UTF-8"?>
<configuration>      
    <!-- %m输出的信息,%p日志级别,%t线程名,%d日期,%c类的全名,%i索引【从数字0开始递增】,,, -->      
    <!-- appender是configuration的子节点，是负责写日志的组件。 -->  
    <!-- ConsoleAppender：把日志输出到控制台 -->  
    <appender name="STDOUT" class="ch.qos.logback.core.ConsoleAppender">      
        <encoder>      
            <pattern>%d{HH:mm:ss} %-5level %-50logger{15} %m%n</pattern>    
            <!-- 控制台也要使用UTF-8，不要使用GBK，否则会中文乱码 -->  
            <charset>UTF-8</charset>     
        </encoder> 
        <filter class="ch.qos.logback.classic.filter.ThresholdFilter">
			<level>INFO</level>
		</filter>      
    </appender>  
    <appender name="STDOUTIDE" class="ch.qos.logback.core.ConsoleAppender">      
        <encoder>      
            <pattern>%d{HH:mm:ss} %-5level %m%n</pattern>    
            <!-- 控制台也要使用UTF-8，不要使用GBK，否则会中文乱码 -->  
            <charset>UTF-8</charset>     
        </encoder> 
        <filter class="ch.qos.logback.classic.filter.ThresholdFilter">
			<level>INFO</level>
		</filter>      
    </appender>
    
    <appender name="serverlog"      
        class="ch.qos.logback.core.rolling.RollingFileAppender">      
        <File>log/server.log</File>      
        <!-- rollingPolicy:当发生滚动时，决定 RollingFileAppender 的行为，涉及文件移动和重命名。 -->  
        <!-- TimeBasedRollingPolicy： 最常用的滚动策略，它根据时间来制定滚动策略，既负责滚动也负责出发滚动 -->  
        <rollingPolicy class="ch.qos.logback.core.rolling.TimeBasedRollingPolicy">      
            <!-- 活动文件的名字会根据fileNamePattern的值，每隔一段时间改变一次 -->  
            <!-- 文件名：log/sys.2017-12-05.0.log -->  
            <fileNamePattern>log/server.%d.%i.log</fileNamePattern>   
            <!-- 每产生一个日志文件，该日志文件的保存期限为30天 -->   
            <maxHistory>30</maxHistory>     
            <timeBasedFileNamingAndTriggeringPolicy  class="ch.qos.logback.core.rolling.SizeAndTimeBasedFNATP">      
                <!-- maxFileSize:这是活动文件的大小，默认值是10MB,本篇设置为1KB，只是为了演示 -->    
                <maxFileSize>10MB</maxFileSize>      
            </timeBasedFileNamingAndTriggeringPolicy>      
        </rollingPolicy>      
        <encoder>      
            <!-- pattern节点，用来设置日志的输入格式 -->  
            <pattern>      
                %d %p [%thread] (%logger{15}:%line\)- %m%n    
            </pattern>      
            <!-- 记录日志的编码 -->  
            <charset>UTF-8</charset> <!-- 此处设置字符集 -->     
        </encoder>
        <filter class="ch.qos.logback.classic.filter.ThresholdFilter">
			<level>INFO</level>
		</filter>      
    </appender>
    
    <appender name="tracelog"      
        class="ch.qos.logback.core.rolling.RollingFileAppender">      
        <File>log/trace.log</File>      
        <!-- rollingPolicy:当发生滚动时，决定 RollingFileAppender 的行为，涉及文件移动和重命名。 -->  
        <!-- TimeBasedRollingPolicy： 最常用的滚动策略，它根据时间来制定滚动策略，既负责滚动也负责出发滚动 -->  
        <rollingPolicy class="ch.qos.logback.core.rolling.TimeBasedRollingPolicy">      
            <!-- 活动文件的名字会根据fileNamePattern的值，每隔一段时间改变一次 -->  
            <!-- 文件名：log/sys.2017-12-05.0.log -->  
            <fileNamePattern>log/trace.%d.%i.log</fileNamePattern>   
            <!-- 每产生一个日志文件，该日志文件的保存期限为30天 -->   
            <maxHistory>30</maxHistory>     
            <timeBasedFileNamingAndTriggeringPolicy  class="ch.qos.logback.core.rolling.SizeAndTimeBasedFNATP">      
                <!-- maxFileSize:这是活动文件的大小，默认值是10MB,本篇设置为1KB，只是为了演示 -->    
                <maxFileSize>10MB</maxFileSize>      
            </timeBasedFileNamingAndTriggeringPolicy>      
        </rollingPolicy>      
        <encoder>      
            <!-- pattern节点，用来设置日志的输入格式 -->  
            <pattern>      
                %d %p [%thread] (%logger{15}:%line\)- %m%n    
            </pattern>      
            <!-- 记录日志的编码 -->  
            <charset>UTF-8</charset> <!-- 此处设置字符集 -->     
        </encoder>      
    </appender>
         
    <!-- RollingFileAppender：滚动记录文件，先将日志记录到指定文件，当符合某个条件时，将日志记录到其他文件 -->  
    <!-- 以下的大概意思是：1.先按日期存日志，日期变了，将前一天的日志文件名重命名为XXX%日期%索引，新的日志仍然是sys.log -->  
    <!--             2.如果日期没有发生变化，但是当前日志的文件大小超过1KB时，对当前日志进行分割 重命名-->  
    <appender name="syslog"      
        class="ch.qos.logback.core.rolling.RollingFileAppender">      
        <File>log/sys.log</File>      
        <!-- rollingPolicy:当发生滚动时，决定 RollingFileAppender 的行为，涉及文件移动和重命名。 -->  
        <!-- TimeBasedRollingPolicy： 最常用的滚动策略，它根据时间来制定滚动策略，既负责滚动也负责出发滚动 -->  
        <rollingPolicy class="ch.qos.logback.core.rolling.TimeBasedRollingPolicy">      
            <!-- 活动文件的名字会根据fileNamePattern的值，每隔一段时间改变一次 -->  
            <!-- 文件名：log/sys.2017-12-05.0.log -->  
            <fileNamePattern>log/sys.%d.%i.log</fileNamePattern>   
            <!-- 每产生一个日志文件，该日志文件的保存期限为30天 -->   
            <maxHistory>30</maxHistory>     
            <timeBasedFileNamingAndTriggeringPolicy  class="ch.qos.logback.core.rolling.SizeAndTimeBasedFNATP">      
                <!-- maxFileSize:这是活动文件的大小，默认值是10MB,本篇设置为1KB，只是为了演示 -->    
                <maxFileSize>10MB</maxFileSize>      
            </timeBasedFileNamingAndTriggeringPolicy>      
        </rollingPolicy>      
        <encoder>      
            <!-- pattern节点，用来设置日志的输入格式 -->  
            <pattern>      
                %d %p [%thread] (%logger{15}:%line\)- %m%n    
            </pattern>      
            <!-- 记录日志的编码 -->  
            <charset>UTF-8</charset> <!-- 此处设置字符集 -->     
        </encoder>      
    </appender>
    
    <appender name="servicelog"      
        class="ch.qos.logback.core.rolling.RollingFileAppender">      
        <File>log/svc.log</File>      
        <!-- rollingPolicy:当发生滚动时，决定 RollingFileAppender 的行为，涉及文件移动和重命名。 -->  
        <!-- TimeBasedRollingPolicy： 最常用的滚动策略，它根据时间来制定滚动策略，既负责滚动也负责出发滚动 -->  
        <rollingPolicy class="ch.qos.logback.core.rolling.TimeBasedRollingPolicy">      
            <!-- 活动文件的名字会根据fileNamePattern的值，每隔一段时间改变一次 -->  
            <!-- 文件名：log/sys.2017-12-05.0.log -->  
            <fileNamePattern>log/svc.%d.%i.log</fileNamePattern>   
            <!-- 每产生一个日志文件，该日志文件的保存期限为30天 -->   
            <maxHistory>30</maxHistory>     
            <timeBasedFileNamingAndTriggeringPolicy  class="ch.qos.logback.core.rolling.SizeAndTimeBasedFNATP">      
                <!-- maxFileSize:这是活动文件的大小，默认值是10MB,本篇设置为1KB，只是为了演示 -->    
                <maxFileSize>10MB</maxFileSize>      
            </timeBasedFileNamingAndTriggeringPolicy>      
        </rollingPolicy>      
        <encoder>      
            <!-- pattern节点，用来设置日志的输入格式 -->  
            <pattern>      
                %d %p [%thread] (%logger{15}:%line\)- %m%n    
            </pattern>      
            <!-- 记录日志的编码 -->  
            <charset>UTF-8</charset> <!-- 此处设置字符集 -->     
        </encoder>      
    </appender>
    
    <appender name="controllerlog"      
        class="ch.qos.logback.core.rolling.RollingFileAppender">      
        <File>log/ctl.log</File>      
        <!-- rollingPolicy:当发生滚动时，决定 RollingFileAppender 的行为，涉及文件移动和重命名。 -->  
        <!-- TimeBasedRollingPolicy： 最常用的滚动策略，它根据时间来制定滚动策略，既负责滚动也负责出发滚动 -->  
        <rollingPolicy class="ch.qos.logback.core.rolling.TimeBasedRollingPolicy">      
            <!-- 活动文件的名字会根据fileNamePattern的值，每隔一段时间改变一次 -->  
            <!-- 文件名：log/sys.2017-12-05.0.log -->  
            <fileNamePattern>log/ctl.%d.%i.log</fileNamePattern>   
            <!-- 每产生一个日志文件，该日志文件的保存期限为30天 -->   
            <maxHistory>30</maxHistory>     
            <timeBasedFileNamingAndTriggeringPolicy  class="ch.qos.logback.core.rolling.SizeAndTimeBasedFNATP">      
                <!-- maxFileSize:这是活动文件的大小，默认值是10MB,本篇设置为1KB，只是为了演示 -->    
                <maxFileSize>10MB</maxFileSize>      
            </timeBasedFileNamingAndTriggeringPolicy>      
        </rollingPolicy>      
        <encoder>      
            <!-- pattern节点，用来设置日志的输入格式 -->  
           <pattern>      
                %d %p [%thread] (%logger{15}:%line\)- %m%n    
            </pattern>      
            <!-- 记录日志的编码 -->  
            <charset>UTF-8</charset> <!-- 此处设置字符集 -->     
        </encoder>      
    </appender>     
    
    <appender name="daolog"      
        class="ch.qos.logback.core.rolling.RollingFileAppender">      
        <File>log/dao.log</File>      
        <!-- rollingPolicy:当发生滚动时，决定 RollingFileAppender 的行为，涉及文件移动和重命名。 -->  
        <!-- TimeBasedRollingPolicy： 最常用的滚动策略，它根据时间来制定滚动策略，既负责滚动也负责出发滚动 -->  
        <rollingPolicy class="ch.qos.logback.core.rolling.TimeBasedRollingPolicy">      
            <!-- 活动文件的名字会根据fileNamePattern的值，每隔一段时间改变一次 -->  
            <!-- 文件名：log/sys.2017-12-05.0.log -->  
            <fileNamePattern>log/dao.%d.%i.log</fileNamePattern>   
            <!-- 每产生一个日志文件，该日志文件的保存期限为30天 -->   
            <maxHistory>30</maxHistory>     
            <timeBasedFileNamingAndTriggeringPolicy  class="ch.qos.logback.core.rolling.SizeAndTimeBasedFNATP">      
                <!-- maxFileSize:这是活动文件的大小，默认值是10MB,本篇设置为1KB，只是为了演示 -->    
                <maxFileSize>10MB</maxFileSize>      
            </timeBasedFileNamingAndTriggeringPolicy>      
        </rollingPolicy>      
        <encoder>      
            <!-- pattern节点，用来设置日志的输入格式 -->  
            <pattern>      
                %d %p [%thread] (%logger{15}:%line\)- %m%n    
            </pattern>      
            <!-- 记录日志的编码 -->  
            <charset>UTF-8</charset> <!-- 此处设置字符集 -->     
        </encoder>
        <filter class="ch.qos.logback.classic.filter.ThresholdFilter">
			<level>TRACE</level>
		</filter>      
    </appender> 
    
    <appender name="configlog"      
        class="ch.qos.logback.core.rolling.RollingFileAppender">      
        <File>log/config.log</File>      
        <!-- rollingPolicy:当发生滚动时，决定 RollingFileAppender 的行为，涉及文件移动和重命名。 -->  
        <!-- TimeBasedRollingPolicy： 最常用的滚动策略，它根据时间来制定滚动策略，既负责滚动也负责出发滚动 -->  
        <rollingPolicy class="ch.qos.logback.core.rolling.TimeBasedRollingPolicy">      
            <!-- 活动文件的名字会根据fileNamePattern的值，每隔一段时间改变一次 -->  
            <!-- 文件名：log/sys.2017-12-05.0.log -->  
            <fileNamePattern>log/config.%d.%i.log</fileNamePattern>   
            <!-- 每产生一个日志文件，该日志文件的保存期限为30天 -->   
            <maxHistory>30</maxHistory>     
            <timeBasedFileNamingAndTriggeringPolicy  class="ch.qos.logback.core.rolling.SizeAndTimeBasedFNATP">      
                <!-- maxFileSize:这是活动文件的大小，默认值是10MB,本篇设置为1KB，只是为了演示 -->    
                <maxFileSize>10MB</maxFileSize>      
            </timeBasedFileNamingAndTriggeringPolicy>      
        </rollingPolicy>      
        <encoder>      
            <!-- pattern节点，用来设置日志的输入格式 -->  
            <pattern>      
                %d %p [%thread] (%logger{15}:%line\)- %m%n    
            </pattern>      
            <!-- 记录日志的编码 -->  
            <charset>UTF-8</charset> <!-- 此处设置字符集 -->     
        </encoder>
        <filter class="ch.qos.logback.classic.filter.ThresholdFilter">
			<level>TRACE</level>
		</filter>      
    </appender>  
    
    <appender name="apipoint"      
        class="ch.qos.logback.core.rolling.RollingFileAppender">      
        <File>log/apipoint/apiPoint.log</File>      
        <!-- rollingPolicy:当发生滚动时，决定 RollingFileAppender 的行为，涉及文件移动和重命名。 -->  
        <!-- TimeBasedRollingPolicy： 最常用的滚动策略，它根据时间来制定滚动策略，既负责滚动也负责出发滚动 -->  
        <rollingPolicy class="ch.qos.logback.core.rolling.TimeBasedRollingPolicy">      
            <!-- 活动文件的名字会根据fileNamePattern的值，每隔一段时间改变一次 -->  
            <!-- 文件名：log/sys.2017-12-05.0.log -->  
            <fileNamePattern>log/apipoint/apiPoint.%d.%i.log</fileNamePattern>   
            <!-- 每产生一个日志文件，该日志文件的保存期限为30天 -->   
            <maxHistory>30</maxHistory>     
            <timeBasedFileNamingAndTriggeringPolicy  class="ch.qos.logback.core.rolling.SizeAndTimeBasedFNATP">      
                <!-- maxFileSize:这是活动文件的大小，默认值是10MB,本篇设置为1KB，只是为了演示 -->    
                <maxFileSize>10MB</maxFileSize>      
            </timeBasedFileNamingAndTriggeringPolicy>      
        </rollingPolicy>      
        <encoder>
        	<pattern>%d{HH:mm:ss} [%thread] %m%n</pattern>  
            <!-- 记录日志的编码 -->  
            <charset>UTF-8</charset> <!-- 此处设置字符集 -->     
        </encoder>
        <filter class="ch.qos.logback.classic.filter.ThresholdFilter">
			<level>TRACE</level>
		</filter>      
    </appender>
         
    <!-- 控制台输出日志级别 -->   
    <logger name="com.srct.service" level="info" additivity="false">      
        <appender-ref ref="STDOUTIDE" /> 
        <appender-ref ref="serverlog"  />      
    </logger>
    
    <root level="trace">      
        <appender-ref ref="STDOUT" />
        <appender-ref ref="serverlog"  />
        <appender-ref ref="tracelog" />    
    </root>
    <!-- 指定项目中某个包，当有日志操作行为时的日志记录级别 -->  
    <!-- com.appley为根包，也就是只要是发生在这个根包下面的所有日志操作行为的权限都是DEBUG -->  
    <!-- 级别依次为【从高到低】：FATAL > ERROR > WARN > INFO > DEBUG > TRACE  -->  
    <logger name="com.ac.reserve.web.api.service" level="TRACE">
        <appender-ref ref="servicelog" />      
    </logger>
    <logger name="com.ac.reserve.web.api.controller" level="TRACE">
        <appender-ref ref="controllerlog" />      
    </logger>  
    <logger name="com.ac.reserve.common.config" level="TRACE">
        <appender-ref ref="configlog" />      
    </logger> 
    <logger name="com.ac.reserve.common.utils.log" level="TRACE">
        <appender-ref ref="apipoint" />      
    </logger> 
    <logger name="com.srct.service" level="TRACE">      
        <appender-ref ref="syslog" />      
    </logger>
</configuration>
